customer_id,is_churned,churn_month
CUST000001,0,
CUST000002,0,
CUST000003,0,
CUST000004,0,
CUST000005,0,
CUST000006,0,
CUST000007,0,
CUST000008,0,
CUST000009,0,
CUST000010,0,
CUST000011,0,
CUST000012,0,
CUST000013,0,
CUST000014,0,
CUST000015,0,
CUST000016,0,
CUST000017,0,
CUST000018,1,2025-09-01
CUST000019,0,
CUST000020,0,
CUST000021,0,
CUST000022,0,
CUST000023,0,
CUST000024,0,
CUST000025,0,
CUST000026,0,
CUST000027,1,2025-10-01
CUST000028,0,
CUST000029,0,
CUST000030,1,2025-08-01
CUST000031,0,
CUST000032,0,
CUST000033,0,
CUST000034,0,
CUST000035,1,2025-11-01
CUST000036,0,
CUST000037,0,
CUST000038,1,2025-09-01
CUST000039,0,
CUST000040,0,
CUST000041,0,
CUST000042,0,
CUST000043,1,2025-08-01
CUST000044,0,
CUST000045,0,
CUST000046,0,
CUST000047,0,
CUST000048,0,
CUST000049,0,
CUST000050,0,
CUST000051,1,2025-09-01
CUST000052,0,
CUST000053,0,
CUST000054,0,
CUST000055,0,
CUST000056,0,
CUST000057,0,
CUST000058,0,
CUST000059,0,
CUST000060,0,
CUST000061,0,
CUST000062,0,
CUST000063,1,2025-07-01
CUST000064,0,
CUST000065,0,
CUST000066,0,
CUST000067,1,2025-08-01
CUST000068,0,
CUST000069,1,2025-11-01
CUST000070,0,
CUST000071,0,
CUST000072,0,
CUST000073,0,
CUST000074,1,2025-11-01
CUST000075,0,
CUST000076,0,
CUST000077,0,
CUST000078,0,
CUST000079,0,
CUST000080,0,
CUST000081,0,
CUST000082,0,
CUST000083,0,
CUST000084,0,
CUST000085,0,
CUST000086,0,
CUST000087,0,
CUST000088,0,
CUST000089,0,
CUST000090,0,
CUST000091,0,
CUST000092,0,
CUST000093,1,2025-10-01
CUST000094,0,
CUST000095,0,
CUST000096,0,
CUST000097,0,
CUST000098,0,
CUST000099,0,
CUST000100,0,
CUST000101,0,
CUST000102,0,
CUST000103,0,
CUST000104,0,
CUST000105,0,
CUST000106,0,
CUST000107,0,
CUST000108,1,2025-10-01
CUST000109,0,
CUST000110,0,
CUST000111,0,
CUST000112,0,
CUST000113,0,
CUST000114,0,
CUST000115,0,
CUST000116,1,2025-10-01
CUST000117,0,
CUST000118,0,
CUST000119,0,
CUST000120,0,
CUST000121,0,
CUST000122,0,
CUST000123,0,
CUST000124,0,
CUST000125,0,
CUST000126,0,
CUST000127,0,
CUST000128,0,
CUST000129,0,
CUST000130,0,
CUST000131,0,
CUST000132,0,
CUST000133,1,2025-08-01
CUST000134,0,
CUST000135,0,
CUST000136,0,
CUST000137,0,
CUST000138,0,
CUST000139,0,
CUST000140,0,
CUST000141,0,
CUST000142,0,
CUST000143,1,2025-09-01
CUST000144,0,
CUST000145,0,
CUST000146,0,
CUST000147,0,
CUST000148,0,
CUST000149,1,2025-04-01
CUST000150,0,
CUST000151,0,
CUST000152,0,
CUST000153,0,
CUST000154,0,
CUST000155,0,
CUST000156,0,
CUST000157,0,
CUST000158,0,
CUST000159,1,2025-06-01
CUST000160,1,2025-10-01
CUST000161,0,
CUST000162,0,
CUST000163,1,2025-03-01
CUST000164,0,
CUST000165,0,
CUST000166,0,
CUST000167,0,
CUST000168,0,
CUST000169,0,
CUST000170,1,2025-06-01
CUST000171,0,
CUST000172,0,
CUST000173,0,
CUST000174,0,
CUST000175,0,
CUST000176,0,
CUST000177,0,
CUST000178,0,
CUST000179,1,2025-06-01
CUST000180,0,
CUST000181,0,
CUST000182,0,
CUST000183,0,
CUST000184,0,
CUST000185,0,
CUST000186,1,2025-07-01
CUST000187,0,
CUST000188,0,
CUST000189,0,
CUST000190,0,
CUST000191,0,
CUST000192,1,2025-05-01
CUST000193,0,
CUST000194,0,
CUST000195,0,
CUST000196,0,
CUST000197,0,
CUST000198,0,
CUST000199,0,
CUST000200,0,
CUST000201,0,
CUST000202,0,
CUST000203,0,
CUST000204,0,
CUST000205,1,2025-04-01
CUST000206,0,
CUST000207,0,
CUST000208,0,
CUST000209,0,
CUST000210,0,
CUST000211,1,2025-07-01
CUST000212,1,2025-06-01
CUST000213,0,
CUST000214,0,
CUST000215,0,
CUST000216,0,
CUST000217,0,
CUST000218,0,
CUST000219,0,
CUST000220,0,
CUST000221,0,
CUST000222,1,2025-11-01
CUST000223,0,
CUST000224,0,
CUST000225,0,
CUST000226,0,
CUST000227,0,
CUST000228,0,
CUST000229,0,
CUST000230,0,
CUST000231,0,
CUST000232,0,
CUST000233,0,
CUST000234,0,
CUST000235,0,
CUST000236,0,
CUST000237,0,
CUST000238,0,
CUST000239,0,
CUST000240,0,
CUST000241,0,
CUST000242,0,
CUST000243,0,
CUST000244,0,
CUST000245,0,
CUST000246,0,
CUST000247,1,2025-10-01
CUST000248,0,
CUST000249,0,
CUST000250,0,
CUST000251,0,
CUST000252,0,
CUST000253,0,
CUST000254,0,
CUST000255,0,
CUST000256,0,
CUST000257,0,
CUST000258,0,
CUST000259,0,
CUST000260,0,
CUST000261,0,
CUST000262,0,
CUST000263,0,
CUST000264,1,2025-07-01
CUST000265,0,
CUST000266,0,
CUST000267,0,
CUST000268,0,
CUST000269,0,
CUST000270,0,
CUST000271,1,2025-09-01
CUST000272,0,
CUST000273,0,
CUST000274,0,
CUST000275,0,
CUST000276,0,
CUST000277,0,
CUST000278,0,
CUST000279,0,
CUST000280,1,2025-07-01
CUST000281,0,
CUST000282,0,
CUST000283,0,
CUST000284,1,2025-10-01
CUST000285,0,
CUST000286,0,
CUST000287,0,
CUST000288,0,
CUST000289,1,2025-10-01
CUST000290,1,2025-02-01
CUST000291,0,
CUST000292,0,
CUST000293,0,
CUST000294,1,2025-11-01
CUST000295,0,
CUST000296,1,2025-07-01
CUST000297,0,
CUST000298,1,2025-09-01
CUST000299,0,
CUST000300,0,
CUST000301,0,
CUST000302,0,
CUST000303,1,2025-06-01
CUST000304,0,
CUST000305,0,
CUST000306,1,2025-06-01
CUST000307,0,
CUST000308,0,
CUST000309,0,
CUST000310,0,
CUST000311,1,2025-03-01
CUST000312,0,
CUST000313,1,2025-04-01
CUST000314,0,
CUST000315,0,
CUST000316,0,
CUST000317,0,
CUST000318,0,
CUST000319,1,2025-09-01
CUST000320,0,
CUST000321,0,
CUST000322,0,
CUST000323,0,
CUST000324,0,
CUST000325,0,
CUST000326,0,
CUST000327,0,
CUST000328,1,2025-08-01
CUST000329,1,2025-02-01
CUST000330,0,
CUST000331,0,
CUST000332,1,2025-03-01
CUST000333,0,
CUST000334,1,2025-11-01
CUST000335,0,
CUST000336,0,
CUST000337,0,
CUST000338,1,2025-09-01
CUST000339,1,2025-05-01
CUST000340,0,
CUST000341,0,
CUST000342,0,
CUST000343,0,
CUST000344,1,2025-05-01
CUST000345,0,
CUST000346,0,
CUST000347,0,
CUST000348,0,
CUST000349,1,2025-07-01
CUST000350,0,
CUST000351,0,
CUST000352,0,
CUST000353,0,
CUST000354,1,2025-11-01
CUST000355,0,
CUST000356,0,
CUST000357,0,
CUST000358,1,2025-08-01
CUST000359,0,
CUST000360,0,
CUST000361,0,
CUST000362,0,
CUST000363,0,
CUST000364,1,2025-07-01
CUST000365,0,
CUST000366,0,
CUST000367,0,
CUST000368,0,
CUST000369,1,2025-10-01
CUST000370,0,
CUST000371,0,
CUST000372,0,
CUST000373,0,
CUST000374,0,
CUST000375,0,
CUST000376,0,
CUST000377,0,
CUST000378,0,
CUST000379,0,
CUST000380,0,
CUST000381,0,
CUST000382,0,
CUST000383,1,2025-04-01
CUST000384,0,
CUST000385,0,
CUST000386,0,
CUST000387,0,
CUST000388,0,
CUST000389,1,2025-10-01
CUST000390,0,
CUST000391,0,
CUST000392,1,2025-10-01
CUST000393,0,
CUST000394,0,
CUST000395,0,
CUST000396,0,
CUST000397,0,
CUST000398,0,
CUST000399,1,2025-02-01
CUST000400,0,
CUST000401,0,
CUST000402,0,
CUST000403,0,
CUST000404,0,
CUST000405,0,
CUST000406,0,
CUST000407,0,
CUST000408,1,2025-09-01
CUST000409,0,
CUST000410,0,
CUST000411,0,
CUST000412,0,
CUST000413,0,
CUST000414,0,
CUST000415,0,
CUST000416,0,
CUST000417,1,2025-08-01
CUST000418,0,
CUST000419,0,
CUST000420,0,
CUST000421,0,
CUST000422,0,
CUST000423,0,
CUST000424,0,
CUST000425,0,
CUST000426,1,2025-04-01
CUST000427,0,
CUST000428,1,2025-04-01
CUST000429,0,
CUST000430,0,
CUST000431,0,
CUST000432,0,
CUST000433,0,
CUST000434,0,
CUST000435,0,
CUST000436,0,
CUST000437,0,
CUST000438,0,
CUST000439,0,
CUST000440,0,
CUST000441,0,
CUST000442,0,
CUST000443,0,
CUST000444,0,
CUST000445,0,
CUST000446,0,
CUST000447,0,
CUST000448,0,
CUST000449,0,
CUST000450,0,
CUST000451,0,
CUST000452,0,
CUST000453,0,
CUST000454,0,
CUST000455,1,2025-08-01
CUST000456,0,
CUST000457,0,
CUST000458,0,
CUST000459,0,
CUST000460,0,
CUST000461,0,
CUST000462,0,
CUST000463,1,2025-02-01
CUST000464,0,
CUST000465,0,
CUST000466,0,
CUST000467,0,
CUST000468,0,
CUST000469,0,
CUST000470,0,
CUST000471,0,
CUST000472,0,
CUST000473,0,
CUST000474,0,
CUST000475,0,
CUST000476,1,2025-10-01
CUST000477,1,2025-04-01
CUST000478,0,
CUST000479,0,
CUST000480,0,
CUST000481,0,
CUST000482,0,
CUST000483,0,
CUST000484,0,
CUST000485,0,
CUST000486,1,2025-02-01
CUST000487,0,
CUST000488,0,
CUST000489,0,
CUST000490,0,
CUST000491,1,2025-05-01
CUST000492,0,
CUST000493,0,
CUST000494,0,
CUST000495,0,
CUST000496,0,
CUST000497,0,
CUST000498,0,
CUST000499,0,
CUST000500,1,2025-09-01
CUST000501,0,
CUST000502,0,
CUST000503,0,
CUST000504,1,2025-11-01
CUST000505,0,
CUST000506,0,
CUST000507,0,
CUST000508,0,
CUST000509,0,
CUST000510,1,2025-08-01
CUST000511,0,
CUST000512,0,
CUST000513,0,
CUST000514,0,
CUST000515,1,2025-02-01
CUST000516,0,
CUST000517,1,2025-08-01
CUST000518,0,
CUST000519,1,2025-10-01
CUST000520,0,
CUST000521,0,
CUST000522,0,
CUST000523,0,
CUST000524,0,
CUST000525,1,2025-04-01
CUST000526,1,2025-08-01
CUST000527,0,
CUST000528,0,
CUST000529,0,
CUST000530,0,
CUST000531,0,
CUST000532,1,2025-07-01
CUST000533,0,
CUST000534,0,
CUST000535,0,
CUST000536,0,
CUST000537,0,
CUST000538,0,
CUST000539,0,
CUST000540,0,
CUST000541,0,
CUST000542,0,
CUST000543,0,
CUST000544,0,
CUST000545,0,
CUST000546,0,
CUST000547,0,
CUST000548,1,2025-03-01
CUST000549,0,
CUST000550,0,
CUST000551,0,
CUST000552,0,
CUST000553,1,2025-05-01
CUST000554,1,2025-03-01
CUST000555,0,
CUST000556,0,
CUST000557,0,
CUST000558,1,2025-03-01
CUST000559,0,
CUST000560,1,2025-06-01
CUST000561,0,
CUST000562,1,2025-11-01
CUST000563,0,
CUST000564,0,
CUST000565,0,
CUST000566,0,
CUST000567,1,2025-11-01
CUST000568,0,
CUST000569,1,2025-08-01
CUST000570,0,
CUST000571,0,
CUST000572,0,
CUST000573,0,
CUST000574,0,
CUST000575,0,
CUST000576,0,
CUST000577,0,
CUST000578,0,
CUST000579,0,
CUST000580,0,
CUST000581,0,
CUST000582,0,
CUST000583,0,
CUST000584,0,
CUST000585,0,
CUST000586,0,
CUST000587,0,
CUST000588,1,2025-11-01
CUST000589,1,2025-08-01
CUST000590,0,
CUST000591,0,
CUST000592,0,
CUST000593,0,
CUST000594,0,
CUST000595,0,
CUST000596,0,
CUST000597,0,
CUST000598,0,
CUST000599,0,
CUST000600,0,
CUST000601,0,
CUST000602,0,
CUST000603,0,
CUST000604,0,
CUST000605,0,
CUST000606,0,
CUST000607,0,
CUST000608,0,
CUST000609,0,
CUST000610,0,
CUST000611,1,2025-03-01
CUST000612,0,
CUST000613,0,
CUST000614,1,2025-07-01
CUST000615,0,
CUST000616,1,2025-08-01
CUST000617,0,
CUST000618,1,2025-04-01
CUST000619,0,
CUST000620,0,
CUST000621,0,
CUST000622,0,
CUST000623,0,
CUST000624,0,
CUST000625,1,2025-02-01
CUST000626,0,
CUST000627,0,
CUST000628,0,
CUST000629,1,2025-08-01
CUST000630,0,
CUST000631,0,
CUST000632,0,
CUST000633,1,2025-09-01
CUST000634,0,
CUST000635,0,
CUST000636,1,2025-08-01
CUST000637,0,
CUST000638,0,
CUST000639,0,
CUST000640,0,
CUST000641,0,
CUST000642,1,2025-07-01
CUST000643,0,
CUST000644,0,
CUST000645,0,
CUST000646,0,
CUST000647,0,
CUST000648,1,2025-07-01
CUST000649,1,2025-09-01
CUST000650,0,
CUST000651,0,
CUST000652,0,
CUST000653,1,2025-09-01
CUST000654,0,
CUST000655,0,
CUST000656,1,2025-11-01
CUST000657,0,
CUST000658,0,
CUST000659,0,
CUST000660,0,
CUST000661,0,
CUST000662,0,
CUST000663,0,
CUST000664,0,
CUST000665,0,
CUST000666,0,
CUST000667,1,2025-08-01
CUST000668,0,
CUST000669,0,
CUST000670,0,
CUST000671,0,
CUST000672,0,
CUST000673,0,
CUST000674,0,
CUST000675,0,
CUST000676,0,
CUST000677,1,2025-04-01
CUST000678,0,
CUST000679,0,
CUST000680,0,
CUST000681,0,
CUST000682,1,2025-06-01
CUST000683,0,
CUST000684,1,2025-07-01
CUST000685,1,2025-05-01
CUST000686,0,
CUST000687,1,2025-06-01
CUST000688,0,
CUST000689,0,
CUST000690,0,
CUST000691,0,
CUST000692,0,
CUST000693,0,
CUST000694,0,
CUST000695,0,
CUST000696,0,
CUST000697,0,
CUST000698,1,2025-03-01
CUST000699,0,
CUST000700,1,2025-07-01
CUST000701,0,
CUST000702,0,
CUST000703,0,
CUST000704,0,
CUST000705,0,
CUST000706,1,2025-11-01
CUST000707,0,
CUST000708,0,
CUST000709,0,
CUST000710,0,
CUST000711,1,2025-02-01
CUST000712,0,
CUST000713,1,2025-06-01
CUST000714,0,
CUST000715,1,2025-10-01
CUST000716,0,
CUST000717,1,2025-07-01
CUST000718,0,
CUST000719,0,
CUST000720,0,
CUST000721,0,
CUST000722,0,
CUST000723,0,
CUST000724,0,
CUST000725,0,
CUST000726,0,
CUST000727,0,
CUST000728,0,
CUST000729,1,2025-11-01
CUST000730,0,
CUST000731,0,
CUST000732,0,
CUST000733,0,
CUST000734,0,
CUST000735,0,
CUST000736,0,
CUST000737,0,
CUST000738,0,
CUST000739,1,2025-06-01
CUST000740,0,
CUST000741,1,2025-03-01
CUST000742,0,
CUST000743,1,2025-08-01
CUST000744,0,
CUST000745,0,
CUST000746,0,
CUST000747,0,
CUST000748,1,2025-09-01
CUST000749,0,
CUST000750,0,
CUST000751,1,2025-09-01
CUST000752,1,2025-08-01
CUST000753,1,2025-04-01
CUST000754,0,
CUST000755,0,
CUST000756,0,
CUST000757,1,2025-11-01
CUST000758,0,
CUST000759,0,
CUST000760,1,2025-08-01
CUST000761,0,
CUST000762,0,
CUST000763,0,
CUST000764,0,
CUST000765,1,2025-06-01
CUST000766,1,2025-10-01
CUST000767,0,
CUST000768,0,
CUST000769,0,
CUST000770,0,
CUST000771,0,
CUST000772,0,
CUST000773,0,
CUST000774,1,2025-03-01
CUST000775,1,2025-03-01
CUST000776,0,
CUST000777,0,
CUST000778,0,
CUST000779,0,
CUST000780,0,
CUST000781,0,
CUST000782,0,
CUST000783,0,
CUST000784,0,
CUST000785,0,
CUST000786,0,
CUST000787,0,
CUST000788,0,
CUST000789,0,
CUST000790,1,2025-06-01
CUST000791,1,2025-04-01
CUST000792,0,
CUST000793,0,
CUST000794,0,
CUST000795,1,2025-03-01
CUST000796,0,
CUST000797,0,
CUST000798,1,2025-07-01
CUST000799,0,
CUST000800,0,
CUST000801,1,2025-10-01
CUST000802,0,
CUST000803,0,
CUST000804,1,2025-10-01
CUST000805,0,
CUST000806,0,
CUST000807,1,2025-10-01
CUST000808,0,
CUST000809,0,
CUST000810,0,
CUST000811,0,
CUST000812,1,2025-02-01
CUST000813,0,
CUST000814,0,
CUST000815,0,
CUST000816,0,
CUST000817,0,
CUST000818,0,
CUST000819,0,
CUST000820,0,
CUST000821,0,
CUST000822,1,2025-05-01
CUST000823,0,
CUST000824,0,
CUST000825,0,
CUST000826,0,
CUST000827,0,
CUST000828,0,
CUST000829,0,
CUST000830,1,2025-05-01
CUST000831,0,
CUST000832,0,
CUST000833,0,
CUST000834,0,
CUST000835,0,
CUST000836,0,
CUST000837,0,
CUST000838,0,
CUST000839,0,
CUST000840,0,
CUST000841,0,
CUST000842,0,
CUST000843,0,
CUST000844,0,
CUST000845,1,2025-04-01
CUST000846,0,
CUST000847,1,2025-10-01
CUST000848,0,
CUST000849,0,
CUST000850,0,
CUST000851,0,
CUST000852,0,
CUST000853,0,
CUST000854,0,
CUST000855,0,
CUST000856,0,
CUST000857,0,
CUST000858,0,
CUST000859,0,
CUST000860,0,
CUST000861,0,
CUST000862,0,
CUST000863,0,
CUST000864,0,
CUST000865,0,
CUST000866,0,
CUST000867,1,2025-07-01
CUST000868,1,2025-03-01
CUST000869,0,
CUST000870,1,2025-08-01
CUST000871,0,
CUST000872,1,2025-04-01
CUST000873,1,2025-06-01
CUST000874,0,
CUST000875,0,
CUST000876,0,
CUST000877,0,
CUST000878,0,
CUST000879,1,2025-04-01
CUST000880,0,
CUST000881,0,
CUST000882,0,
CUST000883,0,
CUST000884,0,
CUST000885,0,
CUST000886,1,2025-05-01
CUST000887,0,
CUST000888,0,
CUST000889,0,
CUST000890,0,
CUST000891,0,
CUST000892,1,2025-06-01
CUST000893,0,
CUST000894,0,
CUST000895,0,
CUST000896,1,2025-03-01
CUST000897,0,
CUST000898,1,2025-04-01
CUST000899,1,2025-06-01
CUST000900,0,
CUST000901,0,
CUST000902,0,
CUST000903,0,
CUST000904,0,
CUST000905,0,
CUST000906,1,2025-02-01
CUST000907,1,2025-11-01
CUST000908,0,
CUST000909,0,
CUST000910,0,
CUST000911,1,2025-10-01
CUST000912,0,
CUST000913,0,
CUST000914,0,
CUST000915,1,2025-04-01
CUST000916,0,
CUST000917,0,
CUST000918,0,
CUST000919,0,
CUST000920,0,
CUST000921,0,
CUST000922,0,
CUST000923,0,
CUST000924,0,
CUST000925,0,
CUST000926,0,
CUST000927,0,
CUST000928,1,2025-10-01
CUST000929,0,
CUST000930,0,
CUST000931,0,
CUST000932,1,2025-07-01
CUST000933,0,
CUST000934,0,
CUST000935,0,
CUST000936,0,
CUST000937,0,
CUST000938,1,2025-09-01
CUST000939,0,
CUST000940,0,
CUST000941,0,
CUST000942,0,
CUST000943,0,
CUST000944,0,
CUST000945,1,2025-11-01
CUST000946,0,
CUST000947,0,
CUST000948,0,
CUST000949,0,
CUST000950,1,2025-03-01
CUST000951,0,
CUST000952,0,
CUST000953,0,
CUST000954,0,
CUST000955,0,
CUST000956,0,
CUST000957,0,
CUST000958,0,
CUST000959,0,
CUST000960,0,
CUST000961,1,2025-09-01
CUST000962,0,
CUST000963,0,
CUST000964,0,
CUST000965,0,
CUST000966,1,2025-10-01
CUST000967,0,
CUST000968,0,
CUST000969,0,
CUST000970,1,2025-04-01
CUST000971,0,
CUST000972,0,
CUST000973,1,2025-02-01
CUST000974,0,
CUST000975,1,2025-11-01
CUST000976,0,
CUST000977,0,
CUST000978,0,
CUST000979,0,
CUST000980,0,
CUST000981,1,2025-07-01
CUST000982,1,2025-10-01
CUST000983,1,2025-06-01
CUST000984,0,
CUST000985,0,
CUST000986,0,
CUST000987,0,
CUST000988,1,2025-05-01
CUST000989,1,2025-03-01
CUST000990,0,
CUST000991,0,
CUST000992,0,
CUST000993,0,
CUST000994,0,
CUST000995,1,2025-10-01
CUST000996,1,2025-09-01
CUST000997,0,
CUST000998,0,
CUST000999,0,
CUST001000,0,
CUST001001,0,
CUST001002,0,
CUST001003,0,
CUST001004,0,
CUST001005,0,
CUST001006,0,
CUST001007,0,
CUST001008,0,
CUST001009,0,
CUST001010,0,
CUST001011,0,
CUST001012,0,
CUST001013,0,
CUST001014,1,2025-05-01
CUST001015,1,2025-10-01
CUST001016,0,
CUST001017,0,
CUST001018,0,
CUST001019,0,
CUST001020,1,2025-11-01
CUST001021,0,
CUST001022,0,
CUST001023,1,2025-11-01
CUST001024,0,
CUST001025,0,
CUST001026,1,2025-07-01
CUST001027,0,
CUST001028,1,2025-09-01
CUST001029,1,2025-03-01
CUST001030,0,
CUST001031,0,
CUST001032,0,
CUST001033,0,
CUST001034,1,2025-10-01
CUST001035,0,
CUST001036,0,
CUST001037,0,
CUST001038,0,
CUST001039,0,
CUST001040,0,
CUST001041,0,
CUST001042,0,
CUST001043,0,
CUST001044,1,2025-10-01
CUST001045,1,2025-06-01
CUST001046,0,
CUST001047,0,
CUST001048,0,
CUST001049,0,
CUST001050,0,
CUST001051,0,
CUST001052,1,2025-09-01
CUST001053,0,
CUST001054,0,
CUST001055,0,
CUST001056,0,
CUST001057,0,
CUST001058,0,
CUST001059,0,
CUST001060,0,
CUST001061,0,
CUST001062,0,
CUST001063,0,
CUST001064,0,
CUST001065,1,2025-03-01
CUST001066,0,
CUST001067,0,
CUST001068,1,2025-02-01
CUST001069,0,
CUST001070,0,
CUST001071,1,2025-05-01
CUST001072,0,
CUST001073,1,2025-09-01
CUST001074,0,
CUST001075,0,
CUST001076,0,
CUST001077,0,
CUST001078,1,2025-08-01
CUST001079,1,2025-09-01
CUST001080,0,
CUST001081,0,
CUST001082,1,2025-05-01
CUST001083,0,
CUST001084,0,
CUST001085,0,
CUST001086,0,
CUST001087,0,
CUST001088,0,
CUST001089,0,
CUST001090,0,
CUST001091,0,
CUST001092,0,
CUST001093,0,
CUST001094,1,2025-05-01
CUST001095,0,
CUST001096,0,
CUST001097,0,
CUST001098,0,
CUST001099,0,
CUST001100,0,
CUST001101,0,
CUST001102,1,2025-06-01
CUST001103,0,
CUST001104,0,
CUST001105,0,
CUST001106,0,
CUST001107,0,
CUST001108,0,
CUST001109,0,
CUST001110,0,
CUST001111,0,
CUST001112,0,
CUST001113,0,
CUST001114,0,
CUST001115,0,
CUST001116,0,
CUST001117,0,
CUST001118,0,
CUST001119,0,
CUST001120,1,2025-06-01
CUST001121,0,
CUST001122,0,
CUST001123,0,
CUST001124,1,2025-10-01
CUST001125,0,
CUST001126,0,
CUST001127,0,
CUST001128,0,
CUST001129,0,
CUST001130,0,
CUST001131,1,2025-08-01
CUST001132,1,2025-04-01
CUST001133,0,
CUST001134,0,
CUST001135,0,
CUST001136,1,2025-03-01
CUST001137,0,
CUST001138,0,
CUST001139,0,
CUST001140,1,2025-10-01
CUST001141,0,
CUST001142,0,
CUST001143,0,
CUST001144,0,
CUST001145,0,
CUST001146,0,
CUST001147,0,
CUST001148,0,
CUST001149,0,
CUST001150,0,
CUST001151,0,
CUST001152,0,
CUST001153,0,
CUST001154,1,2025-10-01
CUST001155,1,2025-07-01
CUST001156,0,
CUST001157,0,
CUST001158,0,
CUST001159,0,
CUST001160,1,2025-05-01
CUST001161,1,2025-04-01
CUST001162,0,
CUST001163,0,
CUST001164,0,
CUST001165,0,
CUST001166,0,
CUST001167,0,
CUST001168,0,
CUST001169,0,
CUST001170,0,
CUST001171,0,
CUST001172,0,
CUST001173,0,
CUST001174,0,
CUST001175,0,
CUST001176,1,2025-08-01
CUST001177,0,
CUST001178,1,2025-09-01
CUST001179,0,
CUST001180,0,
CUST001181,0,
CUST001182,0,
CUST001183,0,
CUST001184,0,
CUST001185,0,
CUST001186,0,
CUST001187,0,
CUST001188,0,
CUST001189,1,2025-02-01
CUST001190,0,
CUST001191,0,
CUST001192,0,
CUST001193,0,
CUST001194,0,
CUST001195,0,
CUST001196,0,
CUST001197,0,
CUST001198,0,
CUST001199,0,
CUST001200,0,
CUST001201,0,
CUST001202,0,
CUST001203,0,
CUST001204,0,
CUST001205,0,
CUST001206,0,
CUST001207,1,2025-07-01
CUST001208,0,
CUST001209,0,
CUST001210,0,
CUST001211,0,
CUST001212,1,2025-04-01
CUST001213,0,
CUST001214,0,
CUST001215,1,2025-05-01
CUST001216,1,2025-08-01
CUST001217,0,
CUST001218,0,
CUST001219,0,
CUST001220,0,
CUST001221,0,
CUST001222,0,
CUST001223,0,
CUST001224,0,
CUST001225,1,2025-09-01
CUST001226,0,
CUST001227,0,
CUST001228,0,
CUST001229,0,
CUST001230,0,
CUST001231,1,2025-08-01
CUST001232,0,
CUST001233,0,
CUST001234,0,
CUST001235,0,
CUST001236,0,
CUST001237,0,
CUST001238,0,
CUST001239,0,
CUST001240,0,
CUST001241,0,
CUST001242,0,
CUST001243,1,2025-04-01
CUST001244,1,2025-10-01
CUST001245,0,
CUST001246,1,2025-03-01
CUST001247,0,
CUST001248,0,
CUST001249,0,
CUST001250,0,
CUST001251,0,
CUST001252,0,
CUST001253,0,
CUST001254,0,
CUST001255,0,
CUST001256,1,2025-06-01
CUST001257,0,
CUST001258,0,
CUST001259,0,
CUST001260,1,2025-08-01
CUST001261,0,
CUST001262,0,
CUST001263,0,
CUST001264,0,
CUST001265,0,
CUST001266,1,2025-11-01
CUST001267,0,
CUST001268,0,
CUST001269,1,2025-07-01
CUST001270,0,
CUST001271,0,
CUST001272,0,
CUST001273,0,
CUST001274,0,
CUST001275,0,
CUST001276,1,2025-03-01
CUST001277,0,
CUST001278,0,
CUST001279,0,
CUST001280,0,
CUST001281,0,
CUST001282,0,
CUST001283,0,
CUST001284,0,
CUST001285,0,
CUST001286,0,
CUST001287,0,
CUST001288,0,
CUST001289,1,2025-04-01
CUST001290,0,
CUST001291,0,
CUST001292,0,
CUST001293,0,
CUST001294,0,
CUST001295,1,2025-09-01
CUST001296,0,
CUST001297,0,
CUST001298,0,
CUST001299,0,
CUST001300,0,
CUST001301,0,
CUST001302,0,
CUST001303,0,
CUST001304,1,2025-02-01
CUST001305,0,
CUST001306,0,
CUST001307,0,
CUST001308,0,
CUST001309,0,
CUST001310,0,
CUST001311,0,
CUST001312,0,
CUST001313,0,
CUST001314,0,
CUST001315,0,
CUST001316,0,
CUST001317,0,
CUST001318,0,
CUST001319,0,
CUST001320,0,
CUST001321,0,
CUST001322,0,
CUST001323,0,
CUST001324,0,
CUST001325,0,
CUST001326,0,
CUST001327,0,
CUST001328,0,
CUST001329,0,
CUST001330,0,
CUST001331,1,2025-06-01
CUST001332,0,
CUST001333,1,2025-06-01
CUST001334,1,2025-09-01
CUST001335,0,
CUST001336,0,
CUST001337,0,
CUST001338,1,2025-06-01
CUST001339,0,
CUST001340,0,
CUST001341,0,
CUST001342,0,
CUST001343,0,
CUST001344,0,
CUST001345,0,
CUST001346,0,
CUST001347,1,2025-08-01
CUST001348,0,
CUST001349,0,
CUST001350,0,
CUST001351,0,
CUST001352,1,2025-05-01
CUST001353,0,
CUST001354,0,
CUST001355,1,2025-11-01
CUST001356,0,
CUST001357,0,
CUST001358,0,
CUST001359,0,
CUST001360,0,
CUST001361,0,
CUST001362,0,
CUST001363,1,2025-11-01
CUST001364,0,
CUST001365,0,
CUST001366,0,
CUST001367,0,
CUST001368,0,
CUST001369,0,
CUST001370,0,
CUST001371,0,
CUST001372,0,
CUST001373,0,
CUST001374,0,
CUST001375,0,
CUST001376,0,
CUST001377,1,2025-08-01
CUST001378,0,
CUST001379,0,
CUST001380,0,
CUST001381,0,
CUST001382,1,2025-02-01
CUST001383,0,
CUST001384,0,
CUST001385,0,
CUST001386,0,
CUST001387,0,
CUST001388,0,
CUST001389,0,
CUST001390,0,
CUST001391,0,
CUST001392,0,
CUST001393,0,
CUST001394,0,
CUST001395,0,
CUST001396,0,
CUST001397,0,
CUST001398,0,
CUST001399,0,
CUST001400,1,2025-06-01
CUST001401,1,2025-11-01
CUST001402,0,
CUST001403,0,
CUST001404,1,2025-07-01
CUST001405,0,
CUST001406,0,
CUST001407,0,
CUST001408,0,
CUST001409,0,
CUST001410,1,2025-02-01
CUST001411,0,
CUST001412,0,
CUST001413,0,
CUST001414,1,2025-11-01
CUST001415,0,
CUST001416,0,
CUST001417,0,
CUST001418,1,2025-11-01
CUST001419,0,
CUST001420,1,2025-06-01
CUST001421,0,
CUST001422,1,2025-08-01
CUST001423,0,
CUST001424,0,
CUST001425,0,
CUST001426,0,
CUST001427,0,
CUST001428,0,
CUST001429,1,2025-06-01
CUST001430,0,
CUST001431,0,
CUST001432,0,
CUST001433,1,2025-07-01
CUST001434,0,
CUST001435,0,
CUST001436,1,2025-06-01
CUST001437,1,2025-07-01
CUST001438,0,
CUST001439,0,
CUST001440,0,
CUST001441,0,
CUST001442,0,
CUST001443,0,
CUST001444,0,
CUST001445,0,
CUST001446,0,
CUST001447,1,2025-06-01
CUST001448,0,
CUST001449,1,2025-02-01
CUST001450,1,2025-06-01
CUST001451,1,2025-05-01
CUST001452,1,2025-05-01
CUST001453,0,
CUST001454,1,2025-07-01
CUST001455,1,2025-10-01
CUST001456,0,
CUST001457,0,
CUST001458,0,
CUST001459,0,
CUST001460,0,
CUST001461,0,
CUST001462,0,
CUST001463,0,
CUST001464,0,
CUST001465,0,
CUST001466,0,
CUST001467,0,
CUST001468,0,
CUST001469,0,
CUST001470,0,
CUST001471,1,2025-08-01
CUST001472,1,2025-11-01
CUST001473,0,
CUST001474,0,
CUST001475,0,
CUST001476,0,
CUST001477,0,
CUST001478,0,
CUST001479,0,
CUST001480,0,
CUST001481,0,
CUST001482,0,
CUST001483,0,
CUST001484,0,
CUST001485,0,
CUST001486,1,2025-05-01
CUST001487,0,
CUST001488,1,2025-02-01
CUST001489,0,
CUST001490,0,
CUST001491,0,
CUST001492,0,
CUST001493,0,
CUST001494,0,
CUST001495,0,
CUST001496,0,
CUST001497,0,
CUST001498,0,
CUST001499,0,
CUST001500,0,
CUST001501,0,
CUST001502,0,
CUST001503,0,
CUST001504,1,2025-08-01
CUST001505,0,
CUST001506,0,
CUST001507,0,
CUST001508,0,
CUST001509,0,
CUST001510,0,
CUST001511,0,
CUST001512,0,
CUST001513,0,
CUST001514,1,2025-11-01
CUST001515,1,2025-09-01
CUST001516,0,
CUST001517,0,
CUST001518,0,
CUST001519,0,
CUST001520,0,
CUST001521,0,
CUST001522,1,2025-09-01
CUST001523,0,
CUST001524,0,
CUST001525,0,
CUST001526,0,
CUST001527,0,
CUST001528,1,2025-07-01
CUST001529,1,2025-07-01
CUST001530,0,
CUST001531,1,2025-03-01
CUST001532,0,
CUST001533,0,
CUST001534,0,
CUST001535,0,
CUST001536,0,
CUST001537,1,2025-06-01
CUST001538,1,2025-05-01
CUST001539,0,
CUST001540,0,
CUST001541,0,
CUST001542,1,2025-05-01
CUST001543,0,
CUST001544,0,
CUST001545,0,
CUST001546,0,
CUST001547,0,
CUST001548,0,
CUST001549,0,
CUST001550,1,2025-07-01
CUST001551,0,
CUST001552,0,
CUST001553,0,
CUST001554,1,2025-09-01
CUST001555,0,
CUST001556,1,2025-08-01
CUST001557,0,
CUST001558,1,2025-03-01
CUST001559,0,
CUST001560,1,2025-06-01
CUST001561,0,
CUST001562,0,
CUST001563,0,
CUST001564,0,
CUST001565,0,
CUST001566,0,
CUST001567,0,
CUST001568,0,
CUST001569,0,
CUST001570,1,2025-11-01
CUST001571,0,
CUST001572,0,
CUST001573,0,
CUST001574,0,
CUST001575,0,
CUST001576,0,
CUST001577,1,2025-06-01
CUST001578,0,
CUST001579,0,
CUST001580,0,
CUST001581,0,
CUST001582,1,2025-09-01
CUST001583,0,
CUST001584,0,
CUST001585,1,2025-06-01
CUST001586,0,
CUST001587,0,
CUST001588,0,
CUST001589,0,
CUST001590,0,
CUST001591,0,
CUST001592,0,
CUST001593,1,2025-09-01
CUST001594,0,
CUST001595,0,
CUST001596,0,
CUST001597,0,
CUST001598,0,
CUST001599,1,2025-03-01
CUST001600,0,
CUST001601,1,2025-11-01
CUST001602,0,
CUST001603,0,
CUST001604,0,
CUST001605,0,
CUST001606,0,
CUST001607,0,
CUST001608,1,2025-03-01
CUST001609,0,
CUST001610,0,
CUST001611,0,
CUST001612,0,
CUST001613,0,
CUST001614,0,
CUST001615,0,
CUST001616,0,
CUST001617,0,
CUST001618,0,
CUST001619,1,2025-04-01
CUST001620,1,2025-06-01
CUST001621,0,
CUST001622,1,2025-04-01
CUST001623,0,
CUST001624,0,
CUST001625,1,2025-04-01
CUST001626,0,
CUST001627,0,
CUST001628,0,
CUST001629,0,
CUST001630,0,
CUST001631,1,2025-08-01
CUST001632,0,
CUST001633,0,
CUST001634,0,
CUST001635,0,
CUST001636,1,2025-06-01
CUST001637,1,2025-06-01
CUST001638,0,
CUST001639,1,2025-08-01
CUST001640,0,
CUST001641,0,
CUST001642,0,
CUST001643,0,
CUST001644,1,2025-10-01
CUST001645,0,
CUST001646,0,
CUST001647,0,
CUST001648,0,
CUST001649,0,
CUST001650,0,
CUST001651,0,
CUST001652,0,
CUST001653,1,2025-10-01
CUST001654,0,
CUST001655,0,
CUST001656,0,
CUST001657,1,2025-10-01
CUST001658,1,2025-06-01
CUST001659,0,
CUST001660,0,
CUST001661,0,
CUST001662,0,
CUST001663,1,2025-11-01
CUST001664,0,
CUST001665,0,
CUST001666,0,
CUST001667,0,
CUST001668,0,
CUST001669,0,
CUST001670,0,
CUST001671,1,2025-11-01
CUST001672,1,2025-08-01
CUST001673,0,
CUST001674,0,
CUST001675,0,
CUST001676,0,
CUST001677,1,2025-06-01
CUST001678,0,
CUST001679,1,2025-10-01
CUST001680,1,2025-02-01
CUST001681,1,2025-10-01
CUST001682,0,
CUST001683,0,
CUST001684,1,2025-04-01
CUST001685,0,
CUST001686,0,
CUST001687,1,2025-11-01
CUST001688,0,
CUST001689,0,
CUST001690,0,
CUST001691,0,
CUST001692,0,
CUST001693,1,2025-08-01
CUST001694,0,
CUST001695,0,
CUST001696,0,
CUST001697,0,
CUST001698,0,
CUST001699,0,
CUST001700,0,
CUST001701,0,
CUST001702,0,
CUST001703,0,
CUST001704,0,
CUST001705,0,
CUST001706,0,
CUST001707,0,
CUST001708,0,
CUST001709,0,
CUST001710,0,
CUST001711,1,2025-04-01
CUST001712,1,2025-05-01
CUST001713,0,
CUST001714,1,2025-07-01
CUST001715,0,
CUST001716,0,
CUST001717,0,
CUST001718,1,2025-04-01
CUST001719,1,2025-05-01
CUST001720,0,
CUST001721,0,
CUST001722,0,
CUST001723,1,2025-07-01
CUST001724,0,
CUST001725,0,
CUST001726,0,
CUST001727,0,
CUST001728,0,
CUST001729,0,
CUST001730,0,
CUST001731,1,2025-02-01
CUST001732,0,
CUST001733,0,
CUST001734,1,2025-04-01
CUST001735,1,2025-06-01
CUST001736,0,
CUST001737,0,
CUST001738,0,
CUST001739,1,2025-06-01
CUST001740,0,
CUST001741,0,
CUST001742,0,
CUST001743,0,
CUST001744,0,
CUST001745,0,
CUST001746,1,2025-07-01
CUST001747,0,
CUST001748,0,
CUST001749,0,
CUST001750,0,
CUST001751,0,
CUST001752,0,
CUST001753,0,
CUST001754,0,
CUST001755,1,2025-06-01
CUST001756,0,
CUST001757,0,
CUST001758,0,
CUST001759,1,2025-02-01
CUST001760,0,
CUST001761,0,
CUST001762,1,2025-10-01
CUST001763,0,
CUST001764,0,
CUST001765,0,
CUST001766,0,
CUST001767,0,
CUST001768,0,
CUST001769,1,2025-02-01
CUST001770,0,
CUST001771,0,
CUST001772,1,2025-02-01
CUST001773,1,2025-03-01
CUST001774,0,
CUST001775,0,
CUST001776,1,2025-10-01
CUST001777,1,2025-04-01
CUST001778,0,
CUST001779,1,2025-04-01
CUST001780,0,
CUST001781,0,
CUST001782,0,
CUST001783,0,
CUST001784,0,
CUST001785,1,2025-05-01
CUST001786,0,
CUST001787,0,
CUST001788,0,
CUST001789,0,
CUST001790,0,
CUST001791,0,
CUST001792,0,
CUST001793,0,
CUST001794,0,
CUST001795,0,
CUST001796,0,
CUST001797,0,
CUST001798,1,2025-11-01
CUST001799,0,
CUST001800,0,
CUST001801,0,
CUST001802,0,
CUST001803,0,
CUST001804,0,
CUST001805,0,
CUST001806,0,
CUST001807,0,
CUST001808,0,
CUST001809,1,2025-08-01
CUST001810,1,2025-08-01
CUST001811,1,2025-08-01
CUST001812,0,
CUST001813,0,
CUST001814,1,2025-06-01
CUST001815,0,
CUST001816,0,
CUST001817,0,
CUST001818,1,2025-03-01
CUST001819,0,
CUST001820,0,
CUST001821,0,
CUST001822,1,2025-06-01
CUST001823,0,
CUST001824,1,2025-10-01
CUST001825,0,
CUST001826,0,
CUST001827,0,
CUST001828,0,
CUST001829,0,
CUST001830,0,
CUST001831,0,
CUST001832,0,
CUST001833,0,
CUST001834,1,2025-02-01
CUST001835,0,
CUST001836,0,
CUST001837,1,2025-11-01
CUST001838,0,
CUST001839,0,
CUST001840,0,
CUST001841,0,
CUST001842,1,2025-04-01
CUST001843,0,
CUST001844,1,2025-02-01
CUST001845,0,
CUST001846,0,
CUST001847,1,2025-02-01
CUST001848,0,
CUST001849,0,
CUST001850,0,
CUST001851,0,
CUST001852,0,
CUST001853,0,
CUST001854,0,
CUST001855,1,2025-05-01
CUST001856,0,
CUST001857,0,
CUST001858,0,
CUST001859,1,2025-11-01
CUST001860,0,
CUST001861,1,2025-09-01
CUST001862,0,
CUST001863,0,
CUST001864,1,2025-05-01
CUST001865,1,2025-10-01
CUST001866,0,
CUST001867,0,
CUST001868,0,
CUST001869,0,
CUST001870,0,
CUST001871,0,
CUST001872,0,
CUST001873,0,
CUST001874,0,
CUST001875,0,
CUST001876,0,
CUST001877,0,
CUST001878,1,2025-09-01
CUST001879,0,
CUST001880,1,2025-03-01
CUST001881,1,2025-07-01
CUST001882,1,2025-03-01
CUST001883,0,
CUST001884,0,
CUST001885,0,
CUST001886,0,
CUST001887,1,2025-06-01
CUST001888,0,
CUST001889,0,
CUST001890,0,
CUST001891,0,
CUST001892,0,
CUST001893,1,2025-10-01
CUST001894,0,
CUST001895,1,2025-08-01
CUST001896,0,
CUST001897,0,
CUST001898,0,
CUST001899,0,
CUST001900,0,
CUST001901,0,
CUST001902,0,
CUST001903,0,
CUST001904,0,
CUST001905,0,
CUST001906,1,2025-02-01
CUST001907,0,
CUST001908,1,2025-11-01
CUST001909,0,
CUST001910,0,
CUST001911,0,
CUST001912,0,
CUST001913,1,2025-08-01
CUST001914,1,2025-06-01
CUST001915,0,
CUST001916,0,
CUST001917,0,
CUST001918,1,2025-05-01
CUST001919,0,
CUST001920,0,
CUST001921,1,2025-09-01
CUST001922,0,
CUST001923,0,
CUST001924,0,
CUST001925,0,
CUST001926,0,
CUST001927,0,
CUST001928,1,2025-05-01
CUST001929,0,
CUST001930,0,
CUST001931,0,
CUST001932,0,
CUST001933,0,
CUST001934,1,2025-10-01
CUST001935,1,2025-05-01
CUST001936,0,
CUST001937,0,
CUST001938,0,
CUST001939,0,
CUST001940,0,
CUST001941,0,
CUST001942,0,
CUST001943,0,
CUST001944,0,
CUST001945,0,
CUST001946,1,2025-08-01
CUST001947,0,
CUST001948,0,
CUST001949,0,
CUST001950,0,
CUST001951,1,2025-06-01
CUST001952,0,
CUST001953,0,
CUST001954,0,
CUST001955,1,2025-07-01
CUST001956,0,
CUST001957,0,
CUST001958,0,
CUST001959,0,
CUST001960,0,
CUST001961,0,
CUST001962,0,
CUST001963,0,
CUST001964,0,
CUST001965,0,
CUST001966,0,
CUST001967,0,
CUST001968,0,
CUST001969,0,
CUST001970,0,
CUST001971,1,2025-06-01
CUST001972,0,
CUST001973,0,
CUST001974,0,
CUST001975,0,
CUST001976,1,2025-03-01
CUST001977,0,
CUST001978,0,
CUST001979,0,
CUST001980,1,2025-09-01
CUST001981,0,
CUST001982,0,
CUST001983,0,
CUST001984,0,
CUST001985,0,
CUST001986,0,
CUST001987,1,2025-04-01
CUST001988,0,
CUST001989,0,
CUST001990,0,
CUST001991,1,2025-03-01
CUST001992,0,
CUST001993,1,2025-03-01
CUST001994,0,
CUST001995,0,
CUST001996,0,
CUST001997,0,
CUST001998,1,2025-11-01
CUST001999,0,
CUST002000,0,
CUST002001,0,
CUST002002,0,
CUST002003,0,
CUST002004,0,
CUST002005,1,2025-09-01
CUST002006,1,2025-02-01
CUST002007,0,
CUST002008,0,
CUST002009,0,
CUST002010,0,
CUST002011,1,2025-05-01
CUST002012,0,
CUST002013,0,
CUST002014,1,2025-03-01
CUST002015,0,
CUST002016,0,
CUST002017,0,
CUST002018,0,
CUST002019,1,2025-09-01
CUST002020,0,
CUST002021,0,
CUST002022,0,
CUST002023,0,
CUST002024,0,
CUST002025,0,
CUST002026,1,2025-09-01
CUST002027,0,
CUST002028,0,
CUST002029,0,
CUST002030,0,
CUST002031,0,
CUST002032,0,
CUST002033,0,
CUST002034,0,
CUST002035,0,
CUST002036,0,
CUST002037,1,2025-11-01
CUST002038,0,
CUST002039,1,2025-03-01
CUST002040,0,
CUST002041,0,
CUST002042,0,
CUST002043,0,
CUST002044,0,
CUST002045,0,
CUST002046,0,
CUST002047,0,
CUST002048,0,
CUST002049,0,
CUST002050,1,2025-10-01
CUST002051,0,
CUST002052,0,
CUST002053,0,
CUST002054,0,
CUST002055,0,
CUST002056,0,
CUST002057,0,
CUST002058,0,
CUST002059,0,
CUST002060,0,
CUST002061,1,2025-02-01
CUST002062,1,2025-06-01
CUST002063,0,
CUST002064,0,
CUST002065,0,
CUST002066,0,
CUST002067,1,2025-11-01
CUST002068,1,2025-11-01
CUST002069,0,
CUST002070,0,
CUST002071,1,2025-08-01
CUST002072,0,
CUST002073,1,2025-03-01
CUST002074,0,
CUST002075,0,
CUST002076,0,
CUST002077,0,
CUST002078,1,2025-11-01
CUST002079,1,2025-03-01
CUST002080,0,
CUST002081,0,
CUST002082,0,
CUST002083,0,
CUST002084,0,
CUST002085,1,2025-08-01
CUST002086,0,
CUST002087,0,
CUST002088,1,2025-03-01
CUST002089,0,
CUST002090,0,
CUST002091,1,2025-04-01
CUST002092,0,
CUST002093,1,2025-09-01
CUST002094,0,
CUST002095,0,
CUST002096,0,
CUST002097,0,
CUST002098,0,
CUST002099,0,
CUST002100,0,
CUST002101,0,
CUST002102,0,
CUST002103,0,
CUST002104,0,
CUST002105,0,
CUST002106,0,
CUST002107,0,
CUST002108,0,
CUST002109,0,
CUST002110,0,
CUST002111,0,
CUST002112,0,
CUST002113,1,2025-03-01
CUST002114,0,
CUST002115,0,
CUST002116,0,
CUST002117,0,
CUST002118,0,
CUST002119,0,
CUST002120,0,
CUST002121,1,2025-08-01
CUST002122,0,
CUST002123,0,
CUST002124,0,
CUST002125,0,
CUST002126,0,
CUST002127,0,
CUST002128,0,
CUST002129,0,
CUST002130,0,
CUST002131,0,
CUST002132,0,
CUST002133,0,
CUST002134,0,
CUST002135,0,
CUST002136,0,
CUST002137,0,
CUST002138,1,2025-09-01
CUST002139,0,
CUST002140,0,
CUST002141,0,
CUST002142,1,2025-09-01
CUST002143,1,2025-04-01
CUST002144,0,
CUST002145,0,
CUST002146,0,
CUST002147,0,
CUST002148,0,
CUST002149,0,
CUST002150,0,
CUST002151,1,2025-11-01
CUST002152,1,2025-05-01
CUST002153,0,
CUST002154,1,2025-09-01
CUST002155,1,2025-02-01
CUST002156,0,
CUST002157,0,
CUST002158,0,
CUST002159,0,
CUST002160,0,
CUST002161,0,
CUST002162,0,
CUST002163,0,
CUST002164,0,
CUST002165,0,
CUST002166,0,
CUST002167,0,
CUST002168,0,
CUST002169,0,
CUST002170,0,
CUST002171,0,
CUST002172,0,
CUST002173,0,
CUST002174,0,
CUST002175,0,
CUST002176,1,2025-07-01
CUST002177,0,
CUST002178,0,
CUST002179,0,
CUST002180,0,
CUST002181,0,
CUST002182,0,
CUST002183,1,2025-02-01
CUST002184,0,
CUST002185,0,
CUST002186,0,
CUST002187,1,2025-07-01
CUST002188,0,
CUST002189,0,
CUST002190,0,
CUST002191,0,
CUST002192,0,
CUST002193,0,
CUST002194,0,
CUST002195,1,2025-08-01
CUST002196,0,
CUST002197,0,
CUST002198,0,
CUST002199,0,
CUST002200,0,
CUST002201,0,
CUST002202,0,
CUST002203,0,
CUST002204,0,
CUST002205,0,
CUST002206,0,
CUST002207,0,
CUST002208,0,
CUST002209,0,
CUST002210,0,
CUST002211,0,
CUST002212,0,
CUST002213,0,
CUST002214,0,
CUST002215,0,
CUST002216,0,
CUST002217,0,
CUST002218,0,
CUST002219,1,2025-05-01
CUST002220,0,
CUST002221,0,
CUST002222,0,
CUST002223,0,
CUST002224,1,2025-08-01
CUST002225,0,
CUST002226,0,
CUST002227,0,
CUST002228,0,
CUST002229,0,
CUST002230,0,
CUST002231,0,
CUST002232,1,2025-03-01
CUST002233,0,
CUST002234,0,
CUST002235,0,
CUST002236,0,
CUST002237,0,
CUST002238,0,
CUST002239,1,2025-04-01
CUST002240,0,
CUST002241,0,
CUST002242,1,2025-11-01
CUST002243,0,
CUST002244,0,
CUST002245,0,
CUST002246,0,
CUST002247,0,
CUST002248,0,
CUST002249,1,2025-10-01
CUST002250,0,
CUST002251,0,
CUST002252,0,
CUST002253,0,
CUST002254,0,
CUST002255,0,
CUST002256,0,
CUST002257,0,
CUST002258,0,
CUST002259,0,
CUST002260,0,
CUST002261,0,
CUST002262,0,
CUST002263,0,
CUST002264,0,
CUST002265,0,
CUST002266,0,
CUST002267,0,
CUST002268,1,2025-11-01
CUST002269,0,
CUST002270,0,
CUST002271,1,2025-06-01
CUST002272,0,
CUST002273,0,
CUST002274,0,
CUST002275,0,
CUST002276,0,
CUST002277,1,2025-09-01
CUST002278,0,
CUST002279,1,2025-08-01
CUST002280,0,
CUST002281,0,
CUST002282,0,
CUST002283,0,
CUST002284,0,
CUST002285,0,
CUST002286,0,
CUST002287,1,2025-03-01
CUST002288,1,2025-07-01
CUST002289,0,
CUST002290,0,
CUST002291,1,2025-08-01
CUST002292,0,
CUST002293,0,
CUST002294,0,
CUST002295,0,
CUST002296,0,
CUST002297,0,
CUST002298,0,
CUST002299,1,2025-03-01
CUST002300,0,
CUST002301,0,
CUST002302,0,
CUST002303,0,
CUST002304,0,
CUST002305,0,
CUST002306,0,
CUST002307,0,
CUST002308,0,
CUST002309,1,2025-09-01
CUST002310,0,
CUST002311,1,2025-08-01
CUST002312,0,
CUST002313,0,
CUST002314,0,
CUST002315,0,
CUST002316,0,
CUST002317,0,
CUST002318,0,
CUST002319,0,
CUST002320,0,
CUST002321,0,
CUST002322,0,
CUST002323,0,
CUST002324,1,2025-02-01
CUST002325,0,
CUST002326,0,
CUST002327,0,
CUST002328,0,
CUST002329,0,
CUST002330,1,2025-09-01
CUST002331,0,
CUST002332,0,
CUST002333,0,
CUST002334,0,
CUST002335,0,
CUST002336,0,
CUST002337,0,
CUST002338,0,
CUST002339,0,
CUST002340,1,2025-08-01
CUST002341,0,
CUST002342,0,
CUST002343,0,
CUST002344,1,2025-02-01
CUST002345,0,
CUST002346,0,
CUST002347,0,
CUST002348,0,
CUST002349,1,2025-10-01
CUST002350,0,
CUST002351,0,
CUST002352,0,
CUST002353,0,
CUST002354,1,2025-04-01
CUST002355,0,
CUST002356,0,
CUST002357,1,2025-02-01
CUST002358,0,
CUST002359,0,
CUST002360,0,
CUST002361,0,
CUST002362,0,
CUST002363,0,
CUST002364,0,
CUST002365,0,
CUST002366,0,
CUST002367,1,2025-08-01
CUST002368,0,
CUST002369,0,
CUST002370,0,
CUST002371,0,
CUST002372,0,
CUST002373,0,
CUST002374,0,
CUST002375,1,2025-07-01
CUST002376,0,
CUST002377,0,
CUST002378,0,
CUST002379,0,
CUST002380,0,
CUST002381,0,
CUST002382,1,2025-05-01
CUST002383,0,
CUST002384,0,
CUST002385,1,2025-03-01
CUST002386,1,2025-11-01
CUST002387,0,
CUST002388,0,
CUST002389,0,
CUST002390,0,
CUST002391,0,
CUST002392,1,2025-04-01
CUST002393,0,
CUST002394,0,
CUST002395,0,
CUST002396,1,2025-11-01
CUST002397,0,
CUST002398,1,2025-04-01
CUST002399,1,2025-10-01
CUST002400,0,
CUST002401,0,
CUST002402,0,
CUST002403,0,
CUST002404,0,
CUST002405,0,
CUST002406,1,2025-10-01
CUST002407,0,
CUST002408,0,
CUST002409,1,2025-03-01
CUST002410,1,2025-05-01
CUST002411,0,
CUST002412,0,
CUST002413,1,2025-09-01
CUST002414,0,
CUST002415,0,
CUST002416,0,
CUST002417,0,
CUST002418,0,
CUST002419,1,2025-06-01
CUST002420,0,
CUST002421,0,
CUST002422,0,
CUST002423,0,
CUST002424,0,
CUST002425,0,
CUST002426,0,
CUST002427,0,
CUST002428,1,2025-04-01
CUST002429,0,
CUST002430,0,
CUST002431,0,
CUST002432,0,
CUST002433,0,
CUST002434,0,
CUST002435,1,2025-09-01
CUST002436,0,
CUST002437,0,
CUST002438,0,
CUST002439,0,
CUST002440,1,2025-08-01
CUST002441,0,
CUST002442,0,
CUST002443,1,2025-03-01
CUST002444,1,2025-06-01
CUST002445,0,
CUST002446,0,
CUST002447,1,2025-05-01
CUST002448,0,
CUST002449,0,
CUST002450,0,
CUST002451,0,
CUST002452,1,2025-08-01
CUST002453,0,
CUST002454,0,
CUST002455,0,
CUST002456,1,2025-08-01
CUST002457,0,
CUST002458,0,
CUST002459,0,
CUST002460,0,
CUST002461,0,
CUST002462,0,
CUST002463,0,
CUST002464,0,
CUST002465,0,
CUST002466,0,
CUST002467,0,
CUST002468,0,
CUST002469,0,
CUST002470,0,
CUST002471,0,
CUST002472,0,
CUST002473,1,2025-08-01
CUST002474,0,
CUST002475,1,2025-09-01
CUST002476,1,2025-05-01
CUST002477,0,
CUST002478,0,
CUST002479,0,
CUST002480,1,2025-06-01
CUST002481,0,
CUST002482,0,
CUST002483,0,
CUST002484,0,
CUST002485,1,2025-02-01
CUST002486,0,
CUST002487,0,
CUST002488,0,
CUST002489,0,
CUST002490,0,
CUST002491,1,2025-05-01
CUST002492,0,
CUST002493,1,2025-07-01
CUST002494,0,
CUST002495,0,
CUST002496,1,2025-07-01
CUST002497,0,
CUST002498,0,
CUST002499,0,
CUST002500,0,
CUST002501,0,
CUST002502,1,2025-09-01
CUST002503,0,
CUST002504,1,2025-08-01
CUST002505,0,
CUST002506,0,
CUST002507,0,
CUST002508,0,
CUST002509,0,
CUST002510,0,
CUST002511,0,
CUST002512,0,
CUST002513,0,
CUST002514,0,
CUST002515,0,
CUST002516,1,2025-04-01
CUST002517,1,2025-10-01
CUST002518,0,
CUST002519,0,
CUST002520,0,
CUST002521,0,
CUST002522,0,
CUST002523,0,
CUST002524,0,
CUST002525,0,
CUST002526,0,
CUST002527,0,
CUST002528,0,
CUST002529,0,
CUST002530,0,
CUST002531,0,
CUST002532,0,
CUST002533,0,
CUST002534,0,
CUST002535,1,2025-09-01
CUST002536,0,
CUST002537,0,
CUST002538,0,
CUST002539,0,
CUST002540,0,
CUST002541,1,2025-08-01
CUST002542,1,2025-02-01
CUST002543,0,
CUST002544,1,2025-06-01
CUST002545,1,2025-10-01
CUST002546,0,
CUST002547,1,2025-03-01
CUST002548,0,
CUST002549,1,2025-07-01
CUST002550,0,
CUST002551,1,2025-09-01
CUST002552,0,
CUST002553,0,
CUST002554,0,
CUST002555,0,
CUST002556,0,
CUST002557,0,
CUST002558,0,
CUST002559,1,2025-05-01
CUST002560,1,2025-04-01
CUST002561,1,2025-04-01
CUST002562,0,
CUST002563,0,
CUST002564,0,
CUST002565,0,
CUST002566,0,
CUST002567,0,
CUST002568,0,
CUST002569,0,
CUST002570,0,
CUST002571,0,
CUST002572,0,
CUST002573,0,
CUST002574,0,
CUST002575,0,
CUST002576,0,
CUST002577,0,
CUST002578,0,
CUST002579,1,2025-02-01
CUST002580,0,
CUST002581,0,
CUST002582,0,
CUST002583,1,2025-04-01
CUST002584,1,2025-04-01
CUST002585,1,2025-07-01
CUST002586,0,
CUST002587,0,
CUST002588,0,
CUST002589,0,
CUST002590,0,
CUST002591,0,
CUST002592,0,
CUST002593,0,
CUST002594,1,2025-04-01
CUST002595,0,
CUST002596,0,
CUST002597,1,2025-03-01
CUST002598,1,2025-08-01
CUST002599,0,
CUST002600,0,
CUST002601,0,
CUST002602,0,
CUST002603,0,
CUST002604,0,
CUST002605,0,
CUST002606,0,
CUST002607,0,
CUST002608,0,
CUST002609,1,2025-04-01
CUST002610,1,2025-02-01
CUST002611,0,
CUST002612,0,
CUST002613,0,
CUST002614,0,
CUST002615,0,
CUST002616,0,
CUST002617,0,
CUST002618,0,
CUST002619,0,
CUST002620,0,
CUST002621,1,2025-03-01
CUST002622,0,
CUST002623,0,
CUST002624,0,
CUST002625,0,
CUST002626,0,
CUST002627,0,
CUST002628,0,
CUST002629,0,
CUST002630,0,
CUST002631,0,
CUST002632,0,
CUST002633,0,
CUST002634,0,
CUST002635,0,
CUST002636,0,
CUST002637,0,
CUST002638,1,2025-09-01
CUST002639,1,2025-03-01
CUST002640,0,
CUST002641,1,2025-09-01
CUST002642,0,
CUST002643,0,
CUST002644,0,
CUST002645,1,2025-08-01
CUST002646,0,
CUST002647,0,
CUST002648,0,
CUST002649,0,
CUST002650,0,
CUST002651,0,
CUST002652,0,
CUST002653,0,
CUST002654,0,
CUST002655,0,
CUST002656,0,
CUST002657,0,
CUST002658,0,
CUST002659,0,
CUST002660,0,
CUST002661,0,
CUST002662,1,2025-10-01
CUST002663,0,
CUST002664,0,
CUST002665,1,2025-06-01
CUST002666,0,
CUST002667,0,
CUST002668,0,
CUST002669,0,
CUST002670,0,
CUST002671,0,
CUST002672,0,
CUST002673,1,2025-05-01
CUST002674,0,
CUST002675,0,
CUST002676,0,
CUST002677,0,
CUST002678,0,
CUST002679,0,
CUST002680,0,
CUST002681,1,2025-10-01
CUST002682,1,2025-05-01
CUST002683,0,
CUST002684,0,
CUST002685,0,
CUST002686,0,
CUST002687,0,
CUST002688,0,
CUST002689,0,
CUST002690,0,
CUST002691,0,
CUST002692,0,
CUST002693,0,
CUST002694,0,
CUST002695,1,2025-10-01
CUST002696,1,2025-06-01
CUST002697,0,
CUST002698,0,
CUST002699,1,2025-05-01
CUST002700,0,
CUST002701,0,
CUST002702,0,
CUST002703,0,
CUST002704,0,
CUST002705,0,
CUST002706,1,2025-06-01
CUST002707,0,
CUST002708,0,
CUST002709,0,
CUST002710,0,
CUST002711,0,
CUST002712,0,
CUST002713,1,2025-06-01
CUST002714,0,
CUST002715,1,2025-05-01
CUST002716,0,
CUST002717,0,
CUST002718,0,
CUST002719,0,
CUST002720,0,
CUST002721,1,2025-09-01
CUST002722,0,
CUST002723,0,
CUST002724,0,
CUST002725,0,
CUST002726,0,
CUST002727,0,
CUST002728,0,
CUST002729,0,
CUST002730,0,
CUST002731,0,
CUST002732,0,
CUST002733,0,
CUST002734,0,
CUST002735,0,
CUST002736,0,
CUST002737,0,
CUST002738,0,
CUST002739,0,
CUST002740,0,
CUST002741,0,
CUST002742,0,
CUST002743,0,
CUST002744,0,
CUST002745,0,
CUST002746,0,
CUST002747,0,
CUST002748,0,
CUST002749,0,
CUST002750,0,
CUST002751,1,2025-04-01
CUST002752,1,2025-02-01
CUST002753,0,
CUST002754,0,
CUST002755,0,
CUST002756,1,2025-03-01
CUST002757,0,
CUST002758,0,
CUST002759,0,
CUST002760,0,
CUST002761,0,
CUST002762,0,
CUST002763,0,
CUST002764,0,
CUST002765,0,
CUST002766,0,
CUST002767,0,
CUST002768,1,2025-11-01
CUST002769,0,
CUST002770,0,
CUST002771,1,2025-11-01
CUST002772,0,
CUST002773,0,
CUST002774,0,
CUST002775,1,2025-04-01
CUST002776,0,
CUST002777,1,2025-06-01
CUST002778,0,
CUST002779,0,
CUST002780,1,2025-03-01
CUST002781,0,
CUST002782,1,2025-05-01
CUST002783,0,
CUST002784,0,
CUST002785,0,
CUST002786,0,
CUST002787,0,
CUST002788,1,2025-05-01
CUST002789,1,2025-02-01
CUST002790,0,
CUST002791,0,
CUST002792,0,
CUST002793,0,
CUST002794,0,
CUST002795,0,
CUST002796,0,
CUST002797,0,
CUST002798,0,
CUST002799,0,
CUST002800,0,
CUST002801,0,
CUST002802,0,
CUST002803,0,
CUST002804,0,
CUST002805,0,
CUST002806,0,
CUST002807,0,
CUST002808,1,2025-07-01
CUST002809,1,2025-09-01
CUST002810,0,
CUST002811,1,2025-03-01
CUST002812,0,
CUST002813,0,
CUST002814,0,
CUST002815,1,2025-11-01
CUST002816,0,
CUST002817,0,
CUST002818,0,
CUST002819,0,
CUST002820,0,
CUST002821,0,
CUST002822,0,
CUST002823,0,
CUST002824,0,
CUST002825,1,2025-09-01
CUST002826,0,
CUST002827,0,
CUST002828,0,
CUST002829,0,
CUST002830,1,2025-06-01
CUST002831,0,
CUST002832,0,
CUST002833,1,2025-05-01
CUST002834,0,
CUST002835,0,
CUST002836,0,
CUST002837,0,
CUST002838,0,
CUST002839,0,
CUST002840,0,
CUST002841,1,2025-06-01
CUST002842,0,
CUST002843,0,
CUST002844,0,
CUST002845,1,2025-02-01
CUST002846,0,
CUST002847,0,
CUST002848,0,
CUST002849,1,2025-02-01
CUST002850,0,
CUST002851,0,
CUST002852,0,
CUST002853,0,
CUST002854,0,
CUST002855,0,
CUST002856,0,
CUST002857,1,2025-08-01
CUST002858,0,
CUST002859,0,
CUST002860,0,
CUST002861,0,
CUST002862,1,2025-06-01
CUST002863,0,
CUST002864,0,
CUST002865,0,
CUST002866,0,
CUST002867,1,2025-09-01
CUST002868,0,
CUST002869,0,
CUST002870,0,
CUST002871,0,
CUST002872,0,
CUST002873,0,
CUST002874,0,
CUST002875,0,
CUST002876,0,
CUST002877,0,
CUST002878,1,2025-03-01
CUST002879,0,
CUST002880,1,2025-03-01
CUST002881,0,
CUST002882,1,2025-05-01
CUST002883,0,
CUST002884,0,
CUST002885,1,2025-09-01
CUST002886,1,2025-07-01
CUST002887,0,
CUST002888,0,
CUST002889,0,
CUST002890,0,
CUST002891,0,
CUST002892,0,
CUST002893,1,2025-10-01
CUST002894,0,
CUST002895,0,
CUST002896,0,
CUST002897,0,
CUST002898,0,
CUST002899,0,
CUST002900,1,2025-09-01
CUST002901,0,
CUST002902,0,
CUST002903,0,
CUST002904,0,
CUST002905,0,
CUST002906,0,
CUST002907,1,2025-11-01
CUST002908,0,
CUST002909,0,
CUST002910,0,
CUST002911,0,
CUST002912,0,
CUST002913,0,
CUST002914,0,
CUST002915,1,2025-02-01
CUST002916,0,
CUST002917,0,
CUST002918,0,
CUST002919,0,
CUST002920,0,
CUST002921,0,
CUST002922,0,
CUST002923,0,
CUST002924,0,
CUST002925,0,
CUST002926,0,
CUST002927,1,2025-06-01
CUST002928,1,2025-04-01
CUST002929,0,
CUST002930,0,
CUST002931,0,
CUST002932,0,
CUST002933,0,
CUST002934,0,
CUST002935,0,
CUST002936,0,
CUST002937,0,
CUST002938,1,2025-04-01
CUST002939,0,
CUST002940,1,2025-04-01
CUST002941,0,
CUST002942,0,
CUST002943,0,
CUST002944,0,
CUST002945,1,2025-07-01
CUST002946,0,
CUST002947,0,
CUST002948,0,
CUST002949,1,2025-06-01
CUST002950,0,
CUST002951,0,
CUST002952,0,
CUST002953,0,
CUST002954,0,
CUST002955,0,
CUST002956,1,2025-03-01
CUST002957,0,
CUST002958,0,
CUST002959,0,
CUST002960,0,
CUST002961,0,
CUST002962,1,2025-11-01
CUST002963,0,
CUST002964,0,
CUST002965,0,
CUST002966,0,
CUST002967,0,
CUST002968,0,
CUST002969,0,
CUST002970,0,
CUST002971,0,
CUST002972,0,
CUST002973,0,
CUST002974,0,
CUST002975,0,
CUST002976,0,
CUST002977,0,
CUST002978,1,2025-06-01
CUST002979,0,
CUST002980,1,2025-03-01
CUST002981,0,
CUST002982,0,
CUST002983,0,
CUST002984,0,
CUST002985,1,2025-03-01
CUST002986,0,
CUST002987,0,
CUST002988,0,
CUST002989,0,
CUST002990,0,
CUST002991,0,
CUST002992,0,
CUST002993,0,
CUST002994,0,
CUST002995,0,
CUST002996,1,2025-06-01
CUST002997,0,
CUST002998,0,
CUST002999,0,
CUST003000,0,
